<?xml version="1.0" encoding="UTF-8"?>
<project-private xmlns="http://www.netbeans.org/ns/project-private/1">
    <editor-bookmarks xmlns="http://www.netbeans.org/ns/editor-bookmarks/2" lastBookmarkId="0"/>
    <open-files xmlns="http://www.netbeans.org/ns/projectui-open-files/2">
        <group>
            <file>file:/C:/Users/User/Documents/NetBeansProjects/stockManagement/web/newsPost.jsp</file>
            <file>file:/C:/Users/User/Documents/NetBeansProjects/stockManagement/web/index.jsp</file>
            <file>file:/C:/Users/User/Documents/NetBeansProjects/stockManagement/web/sendVideoTestPage.jsp</file>
            <file>file:/C:/Users/User/Documents/NetBeansProjects/stockManagement/web/stock.jsp</file>
            <file>file:/C:/Users/User/Documents/NetBeansProjects/stockManagement/src/java/javaCode/Mailer.java</file>
            <file>file:/C:/Users/User/Documents/NetBeansProjects/stockManagement/web/welcome.jsp</file>
            <file>file:/C:/Users/User/Documents/NetBeansProjects/stockManagement/src/java/servlet/InsertProduct.java</file>
            <file>file:/C:/Users/User/Documents/NetBeansProjects/stockManagement/src/java/javaCode/ProductNotify.java</file>
            <file>file:/C:/Users/User/Documents/NetBeansProjects/stockManagement/src/java/javaCode/ProductRetrieve.java</file>
            <file>file:/C:/Users/User/Documents/NetBeansProjects/stockManagement/src/java/javaCode/ProductMemo.java</file>
            <file>file:/C:/Users/User/Documents/NetBeansProjects/stockManagement/src/java/servlet/StockServlet.java</file>
            <file>file:/C:/Users/User/Documents/NetBeansProjects/stockManagement/src/java/servlet/newsServlet.java</file>
            <file>file:/C:/Users/User/Documents/NetBeansProjects/stockManagement/web/insertProduct.jsp</file>
            <file>file:/C:/Users/User/Documents/NetBeansProjects/stockManagement/src/conf/MANIFEST.MF</file>
            <file>file:/C:/Users/User/Documents/NetBeansProjects/stockManagement/web/userProfile.jsp</file>
            <file>file:/C:/Users/User/Documents/NetBeansProjects/stockManagement/web/forgotPassword.jsp</file>
            <file>file:/C:/Users/User/Documents/NetBeansProjects/stockManagement/web/sellProductMemo.jsp</file>
            <file>file:/C:/Users/User/Documents/NetBeansProjects/stockManagement/src/java/servlet/productAvailability.java</file>
            <file>file:/C:/Users/User/Documents/NetBeansProjects/stockManagement/web/META-INF/context.xml</file>
            <file>file:/C:/Users/User/Documents/NetBeansProjects/stockManagement/web/sendEmail.jsp</file>
            <file>file:/C:/Users/User/Documents/NetBeansProjects/stockManagement/web/cost.jsp</file>
            <file>file:/C:/Users/User/Documents/NetBeansProjects/stockManagement/src/java/servlet/SellButtonServlet.java</file>
            <file>file:/C:/Users/User/Documents/NetBeansProjects/stockManagement/src/java/javaCode/EncryptPassword.java</file>
            <file>file:/C:/Users/User/Documents/NetBeansProjects/stockManagement/src/java/servlet/ProfileUpdate.java</file>
            <file>file:/C:/Users/User/Documents/NetBeansProjects/stockManagement/src/java/servlet/VideoServlet.java</file>
            <file>file:/C:/Users/User/Documents/NetBeansProjects/stockManagement/src/java/servlet/GenerateVerificationCodeServlet.java</file>
            <file>file:/C:/Users/User/Documents/NetBeansProjects/stockManagement/src/java/servlet/verificationServlet.java</file>
            <file>file:/C:/Users/User/Documents/NetBeansProjects/stockManagement/web/editProduct.jsp</file>
            <file>file:/C:/Users/User/Documents/NetBeansProjects/stockManagement/web/emailInfo.jsp</file>
            <file>file:/C:/Users/User/Documents/NetBeansProjects/stockManagement/src/java/servlet/ProductNotifications.java</file>
            <file>file:/C:/Users/User/Documents/NetBeansProjects/stockManagement/src/java/servlet/DeleteProduct.java</file>
            <file>file:/C:/Users/User/Documents/NetBeansProjects/stockManagement/src/java/servlet/QuantityCheckServlet.java</file>
            <file>file:/C:/Users/User/Documents/NetBeansProjects/stockManagement/src/java/servlet/SendingEmail.java</file>
            <file>file:/C:/Users/User/Documents/NetBeansProjects/stockManagement/src/java/servlet/checkName.java</file>
            <file>file:/C:/Users/User/Documents/NetBeansProjects/stockManagement/web/welcomePage.jsp</file>
            <file>file:/C:/Users/User/Documents/NetBeansProjects/stockManagement/web/updateProfile.jsp</file>
            <file>file:/C:/Users/User/Documents/NetBeansProjects/stockManagement/src/java/servlet/EmailInfoServlet.java</file>
            <file>file:/C:/Users/User/Documents/NetBeansProjects/stockManagement/src/java/database/DBConnection.java</file>
            <file>file:/C:/Users/User/Documents/NetBeansProjects/stockManagement/web/sellProduct.jsp</file>
            <file>file:/C:/Users/User/Documents/NetBeansProjects/stockManagement/src/java/servlet/LoginServlet.java</file>
            <file>file:/C:/Users/User/Documents/NetBeansProjects/stockManagement/src/java/javaCode/NewClass.java</file>
            <file>file:/C:/Users/User/Documents/NetBeansProjects/stockManagement/src/java/servlet/checkUsername.java</file>
            <file>file:/C:/Users/User/Documents/NetBeansProjects/stockManagement/src/java/servlet/CheckEmailServlet.java</file>
            <file>file:/C:/Users/User/Documents/NetBeansProjects/stockManagement/web/registration.jsp</file>
            <file>file:/C:/Users/User/Documents/NetBeansProjects/stockManagement/src/java/servlet/logoutServlet.java</file>
            <file>file:/C:/Users/User/Documents/NetBeansProjects/stockManagement/web/header.jsp</file>
            <file>file:/C:/Users/User/Documents/NetBeansProjects/stockManagement/src/java/servlet/DailyReportServlet.java</file>
            <file>file:/C:/Users/User/Documents/NetBeansProjects/stockManagement/src/java/servlet/Registration.java</file>
            <file>file:/C:/Users/User/Documents/NetBeansProjects/stockManagement/src/java/servlet/EditProductServlet.java</file>
            <file>file:/C:/Users/User/Documents/NetBeansProjects/stockManagement/web/videoTest.jsp</file>
        </group>
    </open-files>
</project-private>
